,Released_Year,Runtime,IMDB_Rating,Meta_score,No_of_Votes,Gross
count,999.0,999.0,999.0,842.0,999.0,830.0
mean,1991.2182182182182,122.87187187187187,7.947947947947948,77.96912114014252,271621.42242242245,68082574.10481928
std,23.297166014712232,28.10122697525197,0.2722895085128798,12.383257326288946,320912.6210551038,109807553.3857229
min,1920.0,45.0,7.6,28.0,25088.0,1305.0
25%,1976.0,103.0,7.7,70.0,55471.5,3245338.5
50%,1999.0,119.0,7.9,79.0,138356.0,23457439.5
75%,2009.0,137.0,8.1,87.0,373167.5,80876340.25
max,2020.0,321.0,9.2,100.0,2303232.0,936662225.0
